bos	/artemis-internal/casia16/asianbos/after_mapping_QC/qcseq_all/input/a1.Waterbuffalo.bam
bos	/artemis-internal/casia16/asianbos/after_mapping_QC/qcseq_all/input/a10.Waterbuffalo.bam
bos	/artemis-internal/casia16/asianbos/after_mapping_QC/qcseq_all/input/a12.Waterbuffalo.bam
bos	/artemis-internal/casia16/asianbos/after_mapping_QC/qcseq_all/input/a15.Waterbuffalo.bam
bos	/artemis-internal/casia16/asianbos/after_mapping_QC/qcseq_all/input/a3.Waterbuffalo.bam
bos	/artemis-internal/casia16/asianbos/after_mapping_QC/qcseq_all/input/a45.Waterbuffalo.bam
bos	/artemis-internal/casia16/asianbos/after_mapping_QC/qcseq_all/input/a47.Waterbuffalo.bam
bos	/artemis-internal/casia16/asianbos/after_mapping_QC/qcseq_all/input/a48.Waterbuffalo.bam
bos	/artemis-internal/casia16/asianbos/after_mapping_QC/qcseq_all/input/a49.Waterbuffalo.bam
bos	/artemis-internal/casia16/asianbos/after_mapping_QC/qcseq_all/input/a5.Waterbuffalo.bam
bos	/artemis-internal/casia16/asianbos/after_mapping_QC/qcseq_all/input/a50.Waterbuffalo.bam
bos	/artemis-internal/casia16/asianbos/after_mapping_QC/qcseq_all/input/a5520185_1.Waterbuffalo.bam
bos	/artemis-internal/casia16/asianbos/after_mapping_QC/qcseq_all/input/a6.Waterbuffalo.bam
bos	/artemis-internal/casia16/asianbos/after_mapping_QC/qcseq_all/input/a7.Waterbuffalo.bam
bos	/artemis-internal/casia16/asianbos/after_mapping_QC/qcseq_all/input/a8.Waterbuffalo.bam
bos	/artemis-internal/casia16/asianbos/after_mapping_QC/qcseq_all/input/N_E001.Waterbuffalo.bam
bos	/artemis-internal/casia16/asianbos/after_mapping_QC/qcseq_all/input/Afar_AFA01.Waterbuffalo.bam
bos	/artemis-internal/casia16/asianbos/after_mapping_QC/qcseq_all/input/Ankole_BT200109.Waterbuffalo.bam
bos	/artemis-internal/casia16/asianbos/after_mapping_QC/qcseq_all/input/B_gaurus_W_Zoo_OGRUNKF_5.Waterbuffalo.bam
bos	/artemis-internal/casia16/asianbos/after_mapping_QC/qcseq_all/input/B_gaurus_Yunnan_ypr115.Waterbuffalo.bam
bos	/artemis-internal/casia16/asianbos/after_mapping_QC/qcseq_all/input/B_javanicus_SD_Zoo_OR206.Waterbuffalo.bam
bos	/artemis-internal/casia16/asianbos/after_mapping_QC/qcseq_all/input/B_javanicus_W_Zoo_DB.Waterbuffalo.bam
bos	/artemis-internal/casia16/asianbos/after_mapping_QC/qcseq_all/input/Bali_cattle_Indonesia_ypt2224.Waterbuffalo.bam
bos	/artemis-internal/casia16/asianbos/after_mapping_QC/qcseq_all/input/Bali_cattle_Indonesia_ypt2225.Waterbuffalo.bam
bos	/artemis-internal/casia16/asianbos/after_mapping_QC/qcseq_all/input/Bali_cattle_Indonesia_ypt2226.Waterbuffalo.bam
bos	/artemis-internal/casia16/asianbos/after_mapping_QC/qcseq_all/input/Bali_cattle_Indonesia_ypt2227.Waterbuffalo.bam
bos	/artemis-internal/casia16/asianbos/after_mapping_QC/qcseq_all/input/Bali_cattle_Indonesia_ypt2228.Waterbuffalo.bam
bos	/artemis-internal/casia16/asianbos/after_mapping_QC/qcseq_all/input/Bali_cattle_Indonesia_ypt2230.Waterbuffalo.bam
bos	/artemis-internal/casia16/asianbos/after_mapping_QC/qcseq_all/input/Bali_cattle_Indonesia_ypt2231.Waterbuffalo.bam
bos	/artemis-internal/casia16/asianbos/after_mapping_QC/qcseq_all/input/Bali_cattle_Indonesia_ypt2234.Waterbuffalo.bam
bos	/artemis-internal/casia16/asianbos/after_mapping_QC/qcseq_all/input/Bhagnari_23.Waterbuffalo.bam
bos	/artemis-internal/casia16/asianbos/after_mapping_QC/qcseq_all/input/Bohai_Black_BH1.Waterbuffalo.bam
bos	/artemis-internal/casia16/asianbos/after_mapping_QC/qcseq_all/input/Boskarin_BK1.Waterbuffalo.bam
bos	/artemis-internal/casia16/asianbos/after_mapping_QC/qcseq_all/input/Butana_BUT16.Waterbuffalo.bam
bos	/artemis-internal/casia16/asianbos/after_mapping_QC/qcseq_all/input/Luxi_LX78.Waterbuffalo.bam
bos	/artemis-internal/casia16/asianbos/after_mapping_QC/qcseq_all/input/Dexter_AG0144.Waterbuffalo.bam
bos	/artemis-internal/casia16/asianbos/after_mapping_QC/qcseq_all/input/Weining_GZWN5.Waterbuffalo.bam
bos	/artemis-internal/casia16/asianbos/after_mapping_QC/qcseq_all/input/Dianzhong_DZ2.Waterbuffalo.bam
bos	/artemis-internal/casia16/asianbos/after_mapping_QC/qcseq_all/input/Dianzhong_DZ3.Waterbuffalo.bam
bos	/artemis-internal/casia16/asianbos/after_mapping_QC/qcseq_all/input/Fogera_FOG06.Waterbuffalo.bam
bos	/artemis-internal/casia16/asianbos/after_mapping_QC/qcseq_all/input/South_Anatolian_Red_TURM.Waterbuffalo.bam
bos	/artemis-internal/casia16/asianbos/after_mapping_QC/qcseq_all/input/Gir_BIGI3.Waterbuffalo.bam
bos	/artemis-internal/casia16/asianbos/after_mapping_QC/qcseq_all/input/Gir_BIGI4.Waterbuffalo.bam
bos	/artemis-internal/casia16/asianbos/after_mapping_QC/qcseq_all/input/Guangfeng_JXGF1.Waterbuffalo.bam
bos	/artemis-internal/casia16/asianbos/after_mapping_QC/qcseq_all/input/Guangfeng_JXGF2.Waterbuffalo.bam
bos	/artemis-internal/casia16/asianbos/after_mapping_QC/qcseq_all/input/Hanwoo_A14.Waterbuffalo.bam
bos	/artemis-internal/casia16/asianbos/after_mapping_QC/qcseq_all/input/Hariana_Har03.Waterbuffalo.bam
bos	/artemis-internal/casia16/asianbos/after_mapping_QC/qcseq_all/input/Horro_HOR03.Waterbuffalo.bam
bos	/artemis-internal/casia16/asianbos/after_mapping_QC/qcseq_all/input/Jian_JXJA1.Waterbuffalo.bam
bos	/artemis-internal/casia16/asianbos/after_mapping_QC/qcseq_all/input/Jian_JXJA2.Waterbuffalo.bam
bos	/isdata/hellergrp/asianBos/download_rawData/download_new_3inds_zebu/2.filter_bam/output/Kangayam_SAMN10131257.Waterbuffalo.bam
bos	/artemis-internal/casia16/asianbos/after_mapping_QC/qcseq_all/input/Kazakh_HSK25M.Waterbuffalo.bam
bos	/artemis-internal/casia16/asianbos/after_mapping_QC/qcseq_all/input/Kenana_KEN04.Waterbuffalo.bam
bos	/artemis-internal/casia16/asianbos/after_mapping_QC/qcseq_all/input/Kenya_Boran_Bo_672.Waterbuffalo.bam
bos	/artemis-internal/casia16/asianbos/after_mapping_QC/qcseq_all/input/Kholmogory_KHO_A9.Waterbuffalo.bam
bos	/artemis-internal/casia16/asianbos/after_mapping_QC/qcseq_all/input/Kuchinoshima_8915.Waterbuffalo.bam
bos	/artemis-internal/casia16/asianbos/after_mapping_QC/qcseq_all/input/Lagune_LAGUNKM_040.Waterbuffalo.bam
bos	/artemis-internal/casia16/asianbos/after_mapping_QC/qcseq_all/input/Leiqiong_HN12M.Waterbuffalo.bam
bos	/artemis-internal/casia16/asianbos/after_mapping_QC/qcseq_all/input/Leiqiong_HN5M.Waterbuffalo.bam
bos	/isdata/hellergrp/asianBos/download_rawData/download_new_3inds_Texas/2.filter_bam/output/LIB112407_Banteng_85B_Texas.Waterbuffalo.bam
bos	/isdata/hellergrp/asianBos/download_rawData/download_new_3inds_Texas/2.filter_bam/output/LIB112408_Banteng_82B_Texas.Waterbuffalo.bam
bos	/isdata/hellergrp/asianBos/download_rawData/download_new_3inds_Texas/2.filter_bam/output/LIB112409_Banteng_86B1_Texas.Waterbuffalo.bam
bos	/artemis-internal/casia16/asianbos/after_mapping_QC/qcseq_all/input/Limia_LM1.Waterbuffalo.bam
bos	/artemis-internal/casia16/asianbos/after_mapping_QC/qcseq_all/input/Limousin_ROUSTAN.Waterbuffalo.bam
bos	/artemis-internal/casia16/asianbos/after_mapping_QC/qcseq_all/input/Lohani_18.Waterbuffalo.bam
bos	/artemis-internal/casia16/asianbos/after_mapping_QC/qcseq_all/input/N_31B.Waterbuffalo.bam
bos	/artemis-internal/casia16/asianbos/after_mapping_QC/qcseq_all/input/Maltese_4_830315.Waterbuffalo.bam
bos	/artemis-internal/casia16/asianbos/after_mapping_QC/qcseq_all/input/Mishima_12201_0323_6.Waterbuffalo.bam
bos	/artemis-internal/casia16/asianbos/after_mapping_QC/qcseq_all/input/Mongolian_TMP29.Waterbuffalo.bam
bos	/artemis-internal/casia16/asianbos/after_mapping_QC/qcseq_all/input/Mursi_MUR04.Waterbuffalo.bam
bos	/artemis-internal/casia16/asianbos/after_mapping_QC/qcseq_all/input/Muturu_MT002_014.Waterbuffalo.bam
bos	/artemis-internal/casia16/asianbos/after_mapping_QC/qcseq_all/input/Muturu_MT003_016.Waterbuffalo.bam
bos	/artemis-internal/casia16/asianbos/after_mapping_QC/qcseq_all/input/N_003.Waterbuffalo.bam
bos	/artemis-internal/casia16/asianbos/after_mapping_QC/qcseq_all/input/N_019.Waterbuffalo.bam
bos	/artemis-internal/casia16/asianbos/after_mapping_QC/qcseq_all/input/N_022.Waterbuffalo.bam
bos	/artemis-internal/casia16/asianbos/after_mapping_QC/qcseq_all/input/N_024_2.Waterbuffalo.bam
bos	/artemis-internal/casia16/asianbos/after_mapping_QC/qcseq_all/input/N_05.Waterbuffalo.bam
bos	/artemis-internal/casia16/asianbos/after_mapping_QC/qcseq_all/input/N_06_01.Waterbuffalo.bam
bos	/artemis-internal/casia16/asianbos/after_mapping_QC/qcseq_all/input/N_06_05.Waterbuffalo.bam
bos	/artemis-internal/casia16/asianbos/after_mapping_QC/qcseq_all/input/N_06_09.Waterbuffalo.bam
bos	/artemis-internal/casia16/asianbos/after_mapping_QC/qcseq_all/input/N_06_20.Waterbuffalo.bam
bos	/artemis-internal/casia16/asianbos/after_mapping_QC/qcseq_all/input/N_06_21.Waterbuffalo.bam
bos	/artemis-internal/casia16/asianbos/after_mapping_QC/qcseq_all/input/N_06_22.Waterbuffalo.bam
bos	/artemis-internal/casia16/asianbos/after_mapping_QC/qcseq_all/input/N_06_27.Waterbuffalo.bam
bos	/artemis-internal/casia16/asianbos/after_mapping_QC/qcseq_all/input/N_06_32_1.Waterbuffalo.bam
bos	/artemis-internal/casia16/asianbos/after_mapping_QC/qcseq_all/input/N_06_36.Waterbuffalo.bam
bos	/artemis-internal/casia16/asianbos/after_mapping_QC/qcseq_all/input/N_06_37.Waterbuffalo.bam
bos	/artemis-internal/casia16/asianbos/after_mapping_QC/qcseq_all/input/N_06_RC.Waterbuffalo.bam
bos	/artemis-internal/casia16/asianbos/after_mapping_QC/qcseq_all/input/N_07.Waterbuffalo.bam
bos	/artemis-internal/casia16/asianbos/after_mapping_QC/qcseq_all/input/N_09_RC.Waterbuffalo.bam
bos	/artemis-internal/casia16/asianbos/after_mapping_QC/qcseq_all/input/N_093.Waterbuffalo.bam
bos	/artemis-internal/casia16/asianbos/after_mapping_QC/qcseq_all/input/N_1.Waterbuffalo.bam
bos	/artemis-internal/casia16/asianbos/after_mapping_QC/qcseq_all/input/N_10_391.Waterbuffalo.bam
bos	/artemis-internal/casia16/asianbos/after_mapping_QC/qcseq_all/input/N_10_669.Waterbuffalo.bam
bos	/artemis-internal/casia16/asianbos/after_mapping_QC/qcseq_all/input/N_10_692.Waterbuffalo.bam
bos	/artemis-internal/casia16/asianbos/after_mapping_QC/qcseq_all/input/N_10_918.Waterbuffalo.bam
bos	/artemis-internal/casia16/asianbos/after_mapping_QC/qcseq_all/input/N_10_928.Waterbuffalo.bam
bos	/artemis-internal/casia16/asianbos/after_mapping_QC/qcseq_all/input/N_101B.Waterbuffalo.bam
bos	/artemis-internal/casia16/asianbos/after_mapping_QC/qcseq_all/input/N_1057.Waterbuffalo.bam
bos	/artemis-internal/casia16/asianbos/after_mapping_QC/qcseq_all/input/N_10B.Waterbuffalo.bam
bos	/artemis-internal/casia16/asianbos/after_mapping_QC/qcseq_all/input/N_11.Waterbuffalo.bam
bos	/artemis-internal/casia16/asianbos/after_mapping_QC/qcseq_all/input/N_1142.Waterbuffalo.bam
bos	/artemis-internal/casia16/asianbos/after_mapping_QC/qcseq_all/input/N_11B.Waterbuffalo.bam
bos	/artemis-internal/casia16/asianbos/after_mapping_QC/qcseq_all/input/N_12B.Waterbuffalo.bam
bos	/artemis-internal/casia16/asianbos/after_mapping_QC/qcseq_all/input/N_12B_copy.Waterbuffalo.bam
bos	/artemis-internal/casia16/asianbos/after_mapping_QC/qcseq_all/input/N_13B.Waterbuffalo.bam
bos	/artemis-internal/casia16/asianbos/after_mapping_QC/qcseq_all/input/N_14.Waterbuffalo.bam
bos	/artemis-internal/casia16/asianbos/after_mapping_QC/qcseq_all/input/N_14B.Waterbuffalo.bam
bos	/artemis-internal/casia16/asianbos/after_mapping_QC/qcseq_all/input/N_15.Waterbuffalo.bam
bos	/artemis-internal/casia16/asianbos/after_mapping_QC/qcseq_all/input/N_15_RC.Waterbuffalo.bam
bos	/artemis-internal/casia16/asianbos/after_mapping_QC/qcseq_all/input/N_15B.Waterbuffalo.bam
bos	/artemis-internal/casia16/asianbos/after_mapping_QC/qcseq_all/input/N_16.Waterbuffalo.bam
bos	/artemis-internal/casia16/asianbos/after_mapping_QC/qcseq_all/input/N_16B.Waterbuffalo.bam
bos	/artemis-internal/casia16/asianbos/after_mapping_QC/qcseq_all/input/N_17.Waterbuffalo.bam
bos	/artemis-internal/casia16/asianbos/after_mapping_QC/qcseq_all/input/N_17B.Waterbuffalo.bam
bos	/artemis-internal/casia16/asianbos/after_mapping_QC/qcseq_all/input/N_18.Waterbuffalo.bam
bos	/artemis-internal/casia16/asianbos/after_mapping_QC/qcseq_all/input/N_18A.Waterbuffalo.bam
bos	/artemis-internal/casia16/asianbos/after_mapping_QC/qcseq_all/input/N_18B.Waterbuffalo.bam
bos	/artemis-internal/casia16/asianbos/after_mapping_QC/qcseq_all/input/N_19_RC.Waterbuffalo.bam
bos	/artemis-internal/casia16/asianbos/after_mapping_QC/qcseq_all/input/N_19B.Waterbuffalo.bam
bos	/artemis-internal/casia16/asianbos/after_mapping_QC/qcseq_all/input/N_1B_copy.Waterbuffalo.bam
bos	/artemis-internal/casia16/asianbos/after_mapping_QC/qcseq_all/input/N_2.Waterbuffalo.bam
bos	/artemis-internal/casia16/asianbos/after_mapping_QC/qcseq_all/input/N_20_919.Waterbuffalo.bam
bos	/artemis-internal/casia16/asianbos/after_mapping_QC/qcseq_all/input/N_20_926.Waterbuffalo.bam
bos	/artemis-internal/casia16/asianbos/after_mapping_QC/qcseq_all/input/N_20A.Waterbuffalo.bam
bos	/artemis-internal/casia16/asianbos/after_mapping_QC/qcseq_all/input/N_20B.Waterbuffalo.bam
bos	/artemis-internal/casia16/asianbos/after_mapping_QC/qcseq_all/input/N_21.Waterbuffalo.bam
bos	/artemis-internal/casia16/asianbos/after_mapping_QC/qcseq_all/input/N_23_RC.Waterbuffalo.bam
bos	/artemis-internal/casia16/asianbos/after_mapping_QC/qcseq_all/input/N_22.Waterbuffalo.bam
bos	/artemis-internal/casia16/asianbos/after_mapping_QC/qcseq_all/input/N_23.Waterbuffalo.bam
bos	/artemis-internal/casia16/asianbos/after_mapping_QC/qcseq_all/input/N_25_12_05.Waterbuffalo.bam
bos	/artemis-internal/casia16/asianbos/after_mapping_QC/qcseq_all/input/N_21C.Waterbuffalo.bam
bos	/artemis-internal/casia16/asianbos/after_mapping_QC/qcseq_all/input/N_24.Waterbuffalo.bam
bos	/artemis-internal/casia16/asianbos/after_mapping_QC/qcseq_all/input/N_23C.Waterbuffalo.bam
bos	/artemis-internal/casia16/asianbos/after_mapping_QC/qcseq_all/input/N_24A.Waterbuffalo.bam
bos	/artemis-internal/casia16/asianbos/after_mapping_QC/qcseq_all/input/N_25_15_02.Waterbuffalo.bam
bos	/artemis-internal/casia16/asianbos/after_mapping_QC/qcseq_all/input/N_25_15_04.Waterbuffalo.bam
bos	/artemis-internal/casia16/asianbos/after_mapping_QC/qcseq_all/input/N_25_15_06.Waterbuffalo.bam
bos	/artemis-internal/casia16/asianbos/after_mapping_QC/qcseq_all/input/N_25_15_09.Waterbuffalo.bam
bos	/artemis-internal/casia16/asianbos/after_mapping_QC/qcseq_all/input/N_25_15_10.Waterbuffalo.bam
bos	/artemis-internal/casia16/asianbos/after_mapping_QC/qcseq_all/input/N_25_15_12.Waterbuffalo.bam
bos	/artemis-internal/casia16/asianbos/after_mapping_QC/qcseq_all/input/N_26C.Waterbuffalo.bam
bos	/artemis-internal/casia16/asianbos/after_mapping_QC/qcseq_all/input/N_273_2.Waterbuffalo.bam
bos	/artemis-internal/casia16/asianbos/after_mapping_QC/qcseq_all/input/N_27A.Waterbuffalo.bam
bos	/artemis-internal/casia16/asianbos/after_mapping_QC/qcseq_all/input/N_285.Waterbuffalo.bam
bos	/artemis-internal/casia16/asianbos/after_mapping_QC/qcseq_all/input/N_28B.Waterbuffalo.bam
bos	/artemis-internal/casia16/asianbos/after_mapping_QC/qcseq_all/input/N_29A_2.Waterbuffalo.bam
bos	/artemis-internal/casia16/asianbos/after_mapping_QC/qcseq_all/input/N_29C.Waterbuffalo.bam
bos	/artemis-internal/casia16/asianbos/after_mapping_QC/qcseq_all/input/N_2B.Waterbuffalo.bam
bos	/artemis-internal/casia16/asianbos/after_mapping_QC/qcseq_all/input/N_2B_copy.Waterbuffalo.bam
bos	/artemis-internal/casia16/asianbos/after_mapping_QC/qcseq_all/input/N_2hmr.Waterbuffalo.bam
bos	/artemis-internal/casia16/asianbos/after_mapping_QC/qcseq_all/input/N_3.Waterbuffalo.bam
bos	/artemis-internal/casia16/asianbos/after_mapping_QC/qcseq_all/input/N_30_928.Waterbuffalo.bam
bos	/artemis-internal/casia16/asianbos/after_mapping_QC/qcseq_all/input/N_30C.Waterbuffalo.bam
bos	/artemis-internal/casia16/asianbos/after_mapping_QC/qcseq_all/input/N_6B.Waterbuffalo.bam
bos	/artemis-internal/casia16/asianbos/after_mapping_QC/qcseq_all/input/N_31C.Waterbuffalo.bam
bos	/artemis-internal/casia16/asianbos/after_mapping_QC/qcseq_all/input/N_33C.Waterbuffalo.bam
bos	/artemis-internal/casia16/asianbos/after_mapping_QC/qcseq_all/input/N_34C.Waterbuffalo.bam
bos	/artemis-internal/casia16/asianbos/after_mapping_QC/qcseq_all/input/N_35C.Waterbuffalo.bam
bos	/artemis-internal/casia16/asianbos/after_mapping_QC/qcseq_all/input/N_360.Waterbuffalo.bam
bos	/artemis-internal/casia16/asianbos/after_mapping_QC/qcseq_all/input/N_363.Waterbuffalo.bam
bos	/artemis-internal/casia16/asianbos/after_mapping_QC/qcseq_all/input/N_36A.Waterbuffalo.bam
bos	/artemis-internal/casia16/asianbos/after_mapping_QC/qcseq_all/input/N_37_RC.Waterbuffalo.bam
bos	/artemis-internal/casia16/asianbos/after_mapping_QC/qcseq_all/input/N_38_copy.Waterbuffalo.bam
bos	/artemis-internal/casia16/asianbos/after_mapping_QC/qcseq_all/input/N_387.Waterbuffalo.bam
bos	/artemis-internal/casia16/asianbos/after_mapping_QC/qcseq_all/input/N_388.Waterbuffalo.bam
bos	/artemis-internal/casia16/asianbos/after_mapping_QC/qcseq_all/input/N_39.Waterbuffalo.bam
bos	/artemis-internal/casia16/asianbos/after_mapping_QC/qcseq_all/input/N_394.Waterbuffalo.bam
bos	/artemis-internal/casia16/asianbos/after_mapping_QC/qcseq_all/input/N_395.Waterbuffalo.bam
bos	/artemis-internal/casia16/asianbos/after_mapping_QC/qcseq_all/input/N_3B.Waterbuffalo.bam
bos	/artemis-internal/casia16/asianbos/after_mapping_QC/qcseq_all/input/N_40_924.Waterbuffalo.bam
bos	/artemis-internal/casia16/asianbos/after_mapping_QC/qcseq_all/input/N_439.Waterbuffalo.bam
bos	/artemis-internal/casia16/asianbos/after_mapping_QC/qcseq_all/input/N_45.Waterbuffalo.bam
bos	/artemis-internal/casia16/asianbos/after_mapping_QC/qcseq_all/input/N_457.Waterbuffalo.bam
bos	/artemis-internal/casia16/asianbos/after_mapping_QC/qcseq_all/input/N_465.Waterbuffalo.bam
bos	/artemis-internal/casia16/asianbos/after_mapping_QC/qcseq_all/input/N_471_2.Waterbuffalo.bam
bos	/artemis-internal/casia16/asianbos/after_mapping_QC/qcseq_all/input/N_49_RC.Waterbuffalo.bam
bos	/artemis-internal/casia16/asianbos/after_mapping_QC/qcseq_all/input/N_4B.Waterbuffalo.bam
bos	/artemis-internal/casia16/asianbos/after_mapping_QC/qcseq_all/input/N_50_916.Waterbuffalo.bam
bos	/artemis-internal/casia16/asianbos/after_mapping_QC/qcseq_all/input/N_589.Waterbuffalo.bam
bos	/artemis-internal/casia16/asianbos/after_mapping_QC/qcseq_all/input/N_5B_copy.Waterbuffalo.bam
bos	/artemis-internal/casia16/asianbos/after_mapping_QC/qcseq_all/input/N_5C.Waterbuffalo.bam
bos	/artemis-internal/casia16/asianbos/after_mapping_QC/qcseq_all/input/N_5hmr_1.Waterbuffalo.bam
bos	/artemis-internal/casia16/asianbos/after_mapping_QC/qcseq_all/input/N_6.Waterbuffalo.bam
bos	/artemis-internal/casia16/asianbos/after_mapping_QC/qcseq_all/input/N_641.Waterbuffalo.bam
bos	/artemis-internal/casia16/asianbos/after_mapping_QC/qcseq_all/input/N_685.Waterbuffalo.bam
bos	/artemis-internal/casia16/asianbos/after_mapping_QC/qcseq_all/input/N_686.Waterbuffalo.bam
bos	/artemis-internal/casia16/asianbos/after_mapping_QC/qcseq_all/input/N_688.Waterbuffalo.bam
bos	/artemis-internal/casia16/asianbos/after_mapping_QC/qcseq_all/input/N_8B.Waterbuffalo.bam
bos	/artemis-internal/casia16/asianbos/after_mapping_QC/qcseq_all/input/N_6B_copy.Waterbuffalo.bam
bos	/artemis-internal/casia16/asianbos/after_mapping_QC/qcseq_all/input/N_6hmr.Waterbuffalo.bam
bos	/artemis-internal/casia16/asianbos/after_mapping_QC/qcseq_all/input/N_6t_11.Waterbuffalo.bam
bos	/artemis-internal/casia16/asianbos/after_mapping_QC/qcseq_all/input/N_6t_7.Waterbuffalo.bam
bos	/artemis-internal/casia16/asianbos/after_mapping_QC/qcseq_all/input/N_733.Waterbuffalo.bam
bos	/artemis-internal/casia16/asianbos/after_mapping_QC/qcseq_all/input/N_741.Waterbuffalo.bam
bos	/artemis-internal/casia16/asianbos/after_mapping_QC/qcseq_all/input/N_7A.Waterbuffalo.bam
bos	/artemis-internal/casia16/asianbos/after_mapping_QC/qcseq_all/input/N_7B.Waterbuffalo.bam
bos	/artemis-internal/casia16/asianbos/after_mapping_QC/qcseq_all/input/N_8.Waterbuffalo.bam
bos	/artemis-internal/casia16/asianbos/after_mapping_QC/qcseq_all/input/N_866.Waterbuffalo.bam
bos	/artemis-internal/casia16/asianbos/after_mapping_QC/qcseq_all/input/Achai_7CA.Waterbuffalo.bam
bos	/artemis-internal/casia16/asianbos/after_mapping_QC/qcseq_all/input/N_9.Waterbuffalo.bam
bos	/artemis-internal/casia16/asianbos/after_mapping_QC/qcseq_all/input/N_911.Waterbuffalo.bam
bos	/artemis-internal/casia16/asianbos/after_mapping_QC/qcseq_all/input/N_913.Waterbuffalo.bam
bos	/artemis-internal/casia16/asianbos/after_mapping_QC/qcseq_all/input/N_915.Waterbuffalo.bam
bos	/artemis-internal/casia16/asianbos/after_mapping_QC/qcseq_all/input/N_920_copy.Waterbuffalo.bam
bos	/artemis-internal/casia16/asianbos/after_mapping_QC/qcseq_all/input/N_922.Waterbuffalo.bam
bos	/artemis-internal/casia16/asianbos/after_mapping_QC/qcseq_all/input/N_923.Waterbuffalo.bam
bos	/artemis-internal/casia16/asianbos/after_mapping_QC/qcseq_all/input/N_924.Waterbuffalo.bam
bos	/artemis-internal/casia16/asianbos/after_mapping_QC/qcseq_all/input/N_925.Waterbuffalo.bam
bos	/artemis-internal/casia16/asianbos/after_mapping_QC/qcseq_all/input/N_925_copy.Waterbuffalo.bam
bos	/artemis-internal/casia16/asianbos/after_mapping_QC/qcseq_all/input/N_926.Waterbuffalo.bam
bos	/artemis-internal/casia16/asianbos/after_mapping_QC/qcseq_all/input/N_927_copy.Waterbuffalo.bam
bos	/artemis-internal/casia16/asianbos/after_mapping_QC/qcseq_all/input/N_933.Waterbuffalo.bam
bos	/artemis-internal/casia16/asianbos/after_mapping_QC/qcseq_all/input/N_934.Waterbuffalo.bam
bos	/artemis-internal/casia16/asianbos/after_mapping_QC/qcseq_all/input/N_935.Waterbuffalo.bam
bos	/artemis-internal/casia16/asianbos/after_mapping_QC/qcseq_all/input/N_938.Waterbuffalo.bam
bos	/artemis-internal/casia16/asianbos/after_mapping_QC/qcseq_all/input/N_939_copy.Waterbuffalo.bam
bos	/artemis-internal/casia16/asianbos/after_mapping_QC/qcseq_all/input/N_941.Waterbuffalo.bam
bos	/artemis-internal/casia16/asianbos/after_mapping_QC/qcseq_all/input/N_943.Waterbuffalo.bam
bos	/artemis-internal/casia16/asianbos/after_mapping_QC/qcseq_all/input/Dajal_C.Waterbuffalo.bam
bos	/artemis-internal/casia16/asianbos/after_mapping_QC/qcseq_all/input/N_Gt_25.Waterbuffalo.bam
bos	/artemis-internal/casia16/asianbos/after_mapping_QC/qcseq_all/input/N_gt15.Waterbuffalo.bam
bos	/artemis-internal/casia16/asianbos/after_mapping_QC/qcseq_all/input/N_gt16.Waterbuffalo.bam
bos	/artemis-internal/casia16/asianbos/after_mapping_QC/qcseq_all/input/N_gt6.Waterbuffalo.bam
bos	/artemis-internal/casia16/asianbos/after_mapping_QC/qcseq_all/input/N_gt8.Waterbuffalo.bam
bos	/artemis-internal/casia16/asianbos/after_mapping_QC/qcseq_all/input/N_kb_3.Waterbuffalo.bam
bos	/artemis-internal/casia16/asianbos/after_mapping_QC/qcseq_all/input/N_mk01.Waterbuffalo.bam
bos	/artemis-internal/casia16/asianbos/after_mapping_QC/qcseq_all/input/N_mk1.Waterbuffalo.bam
bos	/artemis-internal/casia16/asianbos/after_mapping_QC/qcseq_all/input/N_tk_1.Waterbuffalo.bam
bos	/artemis-internal/casia16/asianbos/after_mapping_QC/qcseq_all/input/N_tk5.Waterbuffalo.bam
bos	/artemis-internal/casia16/asianbos/after_mapping_QC/qcseq_all/input/N_tk7.Waterbuffalo.bam
bos	/artemis-internal/casia16/asianbos/after_mapping_QC/qcseq_all/input/N_wn_2.Waterbuffalo.bam
bos	/artemis-internal/casia16/asianbos/after_mapping_QC/qcseq_all/input/N_wn_4.Waterbuffalo.bam
bos	/artemis-internal/casia16/asianbos/after_mapping_QC/qcseq_all/input/N_y_13.Waterbuffalo.bam
bos	/artemis-internal/casia16/asianbos/after_mapping_QC/qcseq_all/input/Dhanni_363.Waterbuffalo.bam
bos	/artemis-internal/casia16/asianbos/after_mapping_QC/qcseq_all/input/Nelore_BINE1.Waterbuffalo.bam
bos	/artemis-internal/casia16/asianbos/after_mapping_QC/qcseq_all/input/Nelore_BINE2.Waterbuffalo.bam
bos	/artemis-internal/casia16/asianbos/after_mapping_QC/qcseq_all/input/Ogaden_OgD6.Waterbuffalo.bam
bos	/artemis-internal/casia16/asianbos/after_mapping_QC/qcseq_all/input/Podolica_PO1.Waterbuffalo.bam
bos	/artemis-internal/casia16/asianbos/after_mapping_QC/qcseq_all/input/Rashoki_IRBT_G8_0004.Waterbuffalo.bam
bos	/artemis-internal/casia16/asianbos/after_mapping_QC/qcseq_all/input/Red_Sindhi_303.Waterbuffalo.bam
bos	/artemis-internal/casia16/asianbos/after_mapping_QC/qcseq_all/input/Sahiwal_Sha3b.Waterbuffalo.bam
bos	/artemis-internal/casia16/asianbos/after_mapping_QC/qcseq_all/input/Scottish_Highland_HLAGBRM.Waterbuffalo.bam
bos	/artemis-internal/casia16/asianbos/after_mapping_QC/qcseq_all/input/Sheko_SHE02.Waterbuffalo.bam
bos	/artemis-internal/casia16/asianbos/after_mapping_QC/qcseq_all/input/Somba_SOMTGOF_03437.Waterbuffalo.bam
bos	/artemis-internal/casia16/asianbos/after_mapping_QC/qcseq_all/input/Gabraali_3.Waterbuffalo.bam
bos	/isdata/hellergrp/asianBos/download_rawData/download_new_3inds_zebu/2.filter_bam/output/Tharparkar_SAMN10131223.Waterbuffalo.bam
bos	/artemis-internal/casia16/asianbos/after_mapping_QC/qcseq_all/input/Tharparkar_Thar1.Waterbuffalo.bam
bos	/artemis-internal/casia16/asianbos/after_mapping_QC/qcseq_all/input/Tibetan_22M.Waterbuffalo.bam
bos	/artemis-internal/casia16/asianbos/after_mapping_QC/qcseq_all/input/Tiroler_Grauvieh_ETH_107.Waterbuffalo.bam
bos	/isdata/hellergrp/asianBos/download_rawData/download_new_3inds_zebu/2.filter_bam/output/Vechur_SAMN10131258.Waterbuffalo.bam
bos	/artemis-internal/casia16/asianbos/after_mapping_QC/qcseq_all/input/Wannan_WN4M.Waterbuffalo.bam
bos	/artemis-internal/casia16/asianbos/after_mapping_QC/qcseq_all/input/Wannan_WN8M.Waterbuffalo.bam
bos	/artemis-internal/casia16/asianbos/after_mapping_QC/qcseq_all/input/NDama_ND183.Waterbuffalo.bam
bos	/artemis-internal/casia16/asianbos/after_mapping_QC/qcseq_all/input/Wenshan_WS1.Waterbuffalo.bam
bos	/artemis-internal/casia16/asianbos/after_mapping_QC/qcseq_all/input/Wenshan_WS8.Waterbuffalo.bam
bos	/artemis-internal/casia16/asianbos/after_mapping_QC/qcseq_all/input/Western_Finn_S7.Waterbuffalo.bam
bos	/artemis-internal/casia16/asianbos/after_mapping_QC/qcseq_all/input/Yakutian_S11.Waterbuffalo.bam
bos	/artemis-internal/casia16/asianbos/after_mapping_QC/qcseq_all/input/Yanbian_A83.Waterbuffalo.bam
bos	/artemis-internal/casia16/asianbos/after_mapping_QC/qcseq_all/input/Yanbian_yb_3.Waterbuffalo.bam
